S.No,Station,City,Mode of PS,Discipline,Industry Domain,Project Domain,Projects,Remarks
307,Saastrix Pty Ltd,Sydney,Online,"A1, A3, A4, A7, A8, AA",IT,IT/LLM/Agile Development/JIRA,3,"Announced on March 22, 2024"
259,ONGC,Hazira,Onsite,"A1, A4, A3, A8, AA, A7, B2, A2",Mechanical,Mechanical/Details awaited,1,"Announced on March 22, 2024"
18,Albatross Energetics - IT,Mumbai,Onsite,"A1, A4, A7",Mechanical,IT/AIML/HVAC/Chemistry,2,"Announced on March 22, 2024"
316,Skill peritia (Catalyst Edutech Pvt. Ltd.) - Tech,Mumbai,Onsite,"A1, A4, Any",Edtech,IT/Gen AI/Web Dev,2,"Announced on March 22, 2024"
150,IFB Global - R&D,Goa,Onsite,"A1, A4, B5, A3, A7, A8, AA",Mechanical,Mechanical/R&D/Textile Engineering/Machinery/Fluid Mechanics/Quantum Mechanics/Electronic Devices/Microprocessors Interfacing/Electrical Machines/Motors,6,"Announced on March 22, 2024"
113,Edhaa Innovations Private Limited,Mumbai,Onsite,"A1, B2, A7, AA",Healthcare,Healthcare/Health-Tech/Bio-processing,2,"Announced on March 22, 2024"
226,Mormugao Port Trust,Goa,Onsite,"A2 , A4, A7",Infrastructure,Civil/Mechanical/IT,3,"Announced on March 22, 2024"
353,UST,Thiruvananthapuram,Onsite,"A2, A3 , A7 , A8 , AA, A4",IT,IT/AIML/Data Science/Blockchain/Robotics,4,"Announced on March 22, 2024"
362,Wadia Institute of Himalayan Geology,Dehradun,Onsite,"A2, A7, B4",Civil,IT/Civil/Maths,5,"Announced on March 22, 2024"
179,Institute of Seismological Research,Gandhinagar,Onsite,"A2,A7,B5",Infrastructure,IT/Seismology/Soil Mechanics,5,"Announced on March 22, 2024"
277,Petasense Technologies Pvt. Ltd. - Analytics,Bengaluru,Onsite,"A3 , A4 , A7 , A8 , AA , AB , B4 , B5",IT,IT/Exploratory Data Analytics,1,"Announced on March 22, 2024"
313,Siemens,Aurangabad,Onsite,"A3 , A4 , A8 , AA , AB, A7",Electronics,Electronics/Mechanical/IT,2,"Announced on March 22, 2024"
72,Cognix Technologies,Pilani,Onsite,"A3 , A7 , A8 , AA",IT,IT/App Development,2,"Announced on March 22, 2024"
219,MELSS Systems and Services,Chennai,Onsite,"A3 , A7 , A8 , AA",Electronics,Electronics/OEE/IoT,1,"Announced on March 22, 2024"
278,Petasense Technologies Pvt. Ltd. - Embedded Systems,Bengaluru,Onsite,"A3 , A7 , A8 , AA",IT,IT/Embedded Software,1,"Announced on March 22, 2024"
279,Petasense Technologies Pvt. Ltd. - Web Development,Bengaluru,Onsite,"A3 , A7 , A8 , AA",IT,IT/Web Development,1,"Announced on March 22, 2024"
312,Shalaka Connected Devices LLP,Pune,Onsite,"A3 , A7 , A8 , AA",Electronics,IT/IoT,5,"Announced on March 22, 2024"
280,"PNT Robotics & Automation Solutions,LLP",Dombivli,Onsite,"A3 , A7 , A8 , AA, A4",Mechanical,IT/AIML/Electronics/Mechanical,5,"Announced on March 22, 2024"
58,"Centre for Development of Advanced Computing, Centre in North East (C-DAC CINE)",Assam,Online,"A3, A7, A8, AA",Electronics,Electronics/Embedded Systems/Quantum Machine Learning/Network-on-Chip,3,"Announced on March 22, 2024"
77,CSIR - Central Electronics Engineering Research Institute (CEERI),Pilani,Onsite,"A3, A8, A7, AA",Electronics,Electronics/IT,1,"Announced on March 22, 2024"
78,CSIR - Central Electronics Engineering Research Institute (CEERI),Jaipur,Onsite,"A3, A8, A7, AA",Electronics,Electronics/IT,1,"Announced on March 22, 2024"
171,Indira Gandhi Centre for Atomic Research (IGCAR),Kalpakkam,Onsite,"A3, A8, AA, A4, A1, A7",Electronics,"Electronics/Core Engineering & IT, Electronics, Physics/Science",60,"Announced on March 22, 2024"
106,Diya Robotics  - Content Development,Chennai,Onsite,"A3, A8, AA, A7",Electronics,Electronics/Content Development,1,"Announced on March 22, 2024"
107,Diya Robotics  - Product Development,Chennai,Onsite,"A3, A8, AA, A7",Electronics,Electronics/Product Development,1,"Announced on March 22, 2024"
281,"PNT Robotics & Automation Solutions,LLP",Dombivli,Online,"A3, A8, AA, A7, A4",Mechanical,IT/AIML/Electronics/Mechanical/Robotics,5,"Announced on March 22, 2024"
233,National Atmospheric Research Laboratory (NARL),Tirupathi,Onsite,"A3, A8, AA, A7, B4",Electronics,Electronics/Signal Processing/Data Processing/Numerical Simulation,6,"Announced on March 22, 2024"
211,Machenn Innovations Private Limited,Coimbatore/Visakhapatnam,Onsite,"A3, A8, AA, Any",Others,Electronics/Motion Capture/Animations,2,"Announced on March 22, 2024"
200,L&T Energy,Vadodara,Onsite,"A4, A2, A7, A3, A8, AA",IT,IT/Video Analytics/Predictive Analytics/NLP/GenAI/AWP/Financial Monitoring of EPC Projects,5,"Announced on March 22, 2024"
128,Goa Shipyard Ltd.,Goa,Onsite,"A4, A3, A8, A2, A7,Mgmt",Mechanical,Mechanical/Engineering/Management,1,"Announced on March 22, 2024"
328,"Supervisors Training Centre, Northern Railway",Lucknow,Onsite,"A4, A3, A8, AA, A7",Mechanical,Mechanical/Pneumatics and Mechanical/Electronics/Electrical Controls/Machining & Assembly/Inventory Management,4,"Announced on March 22, 2024"
33,Askbloc.ai (Airdash Tech Pvt. Ltd) - Non Tech,Bengaluru,Onsite,"A4, A8, Any",IT,Management/Computer Vision/Video Editing,2,"Announced on March 22, 2024"
34,Askbloc.ai (Airdash Tech Pvt. Ltd) - Tech,Bengaluru,Onsite,"A4, A8, Any",IT,IT/Gen AI/Backend Dev/Web Dev,3,"Announced on March 22, 2024"
50,Boston Polymers,Gurugram,Online,"A4, AB, Any",Manufacturing,Manufacturing/R&D/Raw Material Import Analysis/Inventory Management,3,"Announced on March 22, 2024"
203,Laurus Labs,Anakapalli,Onsite,"A5, A7 ",Healthcare,Healthcare/Manufacturing/Operations/IT,3,"Announced on March 22, 2024"
68,CloudDefense.AI,"Palo Alto, CA, USA",Online,A7,IT,IT/DevSecOps/Cloud Security/Hacker Recon,3,"Announced on March 22, 2024"
70,Codelift Academy Private Limited - Tech,"Rampur, Bilaspur",Online,A7,Edtech,IT/Web Dev,1,"Announced on March 22, 2024"
71,Coditation Systems Pvt. Ltd.,Pune,Online,A7,IT,IT/Details awaited,1,"Announced on March 22, 2024"
75,Contenterra Software Private Limited,Hyderabad,Online,A7,IT,IT/Project Management/ChatDBT,2,"Announced on March 22, 2024"
76,C-Point,Rajkot,Online,A7,Management,IT/Software Product Development,1,"Announced on March 22, 2024"
172,Indium Software Pvt. Ltd.,Chennai,Online,A7,IT,IT/App Dev/Library Management System Dev,3,"Announced on March 22, 2024"
176,Infinite Analytics - Tech,Mumbai/Boston,Online,A7,IT,IT/Coding ,1,"Announced on March 22, 2024"
223,MindPeers - Tech,New Delhi,Online,A7,Healthcare,IT/Flutter/Backend,2,"Announced on March 22, 2024"
319,Software Tree,California,Online,A7,IT,IT,11,"Announced on March 22, 2024"
342,Trutraffik,Machilipatnam,Online,A7,IT,IT/Programming/Testing/Documenting & Creating Demo Videos,2,"Announced on March 22, 2024"
352,UNIVERSAL ENERGY SOLUTIONS - Web Development,Kolkata,Online,A7,Electronics,IT/Web Development,1,"Announced on March 22, 2024"
3,2dot0 farms - IT,Puttaparthi,Onsite,A7,Others,IT/AI Chatbot,1,"Announced on March 22, 2024"
32,Asanify Technologies - Tech,Kolkata,Onsite,A7,IT,IT/Details awaited,1,"Announced on March 22, 2024"
44,Bid alert - IT,Guntur,Onsite,A7,Others,IT/Python,2,"Announced on March 22, 2024"
52,CAI platforms,Bengaluru,Onsite,A7,IT,IT/Generative AI/ML/Deep Learning,3,"Announced on March 22, 2024"
56,Centre for Development of Advanced Computing (CDAC),Kolkata,Onsite,A7,IT,IT/Livestock Management/Software&Web Development/Cyber Security/Virtual Reality,5,"Announced on March 22, 2024"
65,Climetaverse - IT,Bengaluru,onsite,A7,IT,IT/NLP/ML/AI,1,"Announced on March 22, 2024"
96,Deep Tek Medical Imaging Private Limited,Pune,Onsite,A7,Healthcare,IT/Data science,3,"Announced on March 22, 2024"
99,Delhi Metro Rail Corporation (DMRC) - IT,New Delhi,Onsite,A7,Mechanical,IT/Details awaited,2,"Announced on March 22, 2024"
122,Fortis Healthcare Limited - Tech,Gurugram,Onsite,A7,Healthcare,IT/Oracle Fusion Implementation,1,"Announced on March 22, 2024"
129,Goa State Research Foundation,Goa,Onsite,A7,Others,Management/Developing an Online Journal System and Databases for GSRF,2,"Announced on March 22, 2024"
153,Imagine Marketing Ltd - Product and R&D,Bengaluru,Onsite,A7,Electronics,Electronics/Product and R&D/Building fitness & health frameworks,1,"Announced on March 22, 2024"
180,Integra Design,New delhi,Onsite,A7,IT,IT/Details awaited,1,"Announced on March 22, 2024"
191,Kale Logistics Solutions Private Limited,Mumbai,Onsite,A7,IT,IT/Software Quality Assurance/Operations/Project Management,3,"Announced on March 22, 2024"
193,Kerala Infrastructure and Technology for Education (KITE),Thiruvananthapuram,Onsite,A7,IT,IT/ML,2,"Announced on March 22, 2024"
209,Loop Reality Private Limited,Hyderabad,Onsite,A7,IT,IT/Artificial Intelligence,3,"Announced on March 22, 2024"
213,Manodayam Pvt. Ltd.,Noida,Onsite,A7,Others,IT/ AI/ML,3,"Announced on March 22, 2024"
215,MasterSoft ERP solutions - Tech,Nagpur,Onsite,A7,IT,IT/Software Developer,1,"Announced on March 22, 2024"
232,Narshing Construction Private Limited - IT,Ranchi,Onsite,A7,Infrastructure,IT/OOPS/DBMS/DSA,1,"Announced on March 22, 2024"
257,OnFinance AI - IT,Bengaluru,Onsite,A7,IT,IT/AI/Frontend/Backend/Full Stack,3,"Announced on March 22, 2024"
283,Pockvue Solutions Pvt. Ltd - Tech,Bengaluru,Onsite,A7,Management,IT/AI,2,"Announced on March 22, 2024"
286,ProvenTech Consulting Pvt. Ltd,Hyderabad,Onsite,A7,IT,IT/Development of Software Applications,2,"Announced on March 22, 2024"
288,Quality Kiosk Tech Pvt. Ltd.,Mumbai,Onsite,A7,IT,IT/Quality Engineering/AI/Next Gen Tech/Datascience,6,"Announced on March 22, 2024"
289,Quinfo Systems Pvt. Ltd,Hyderabad,Onsite,A7,IT,IT/Quantum Technologies/Blockchain Technology,3,"Announced on March 22, 2024"
317,Smartlink Holdings Ltd,Goa,Onsite,A7,IT,IT/Digitization,2,"Announced on March 22, 2024"
331,Tamil Nadu Medical Services Corporation Limited,Chennai,Onsite,A7,Others,IT/Website Development/Dashboard & Mobile App Dev and Customization/Data Cleansing,4,"Announced on March 22, 2024"
343,T-Work Foundation - Firmware/Software,Hyderabad,Onsite,A7,Others,IT/Firmware/Software,1,"Announced on March 22, 2024"
347,Unicloud,Noida,Onsite,A7,IT,IT/Cloud and Image Analytics/object detection/Data & AI project,3,"Announced on March 22, 2024"
340,Tilicho Labs,Visakhapatnam,Onsite,"A7 (preferred), Any",IT,IT/Website Development/Mobile App Development,2,"Announced on March 22, 2024"
111,DYSL - CT DRDO,Chennai,Onsite,"A7 , AA",IT,IT/AI/ML ,1,"Announced on March 22, 2024"
206,LightSpeed Photonics Pte Ltd,Secunderabad,Onsite,"A7 , AA, A4",Electronics,Electronics/Hardware/Firmware/Optomechanical assemblies,3,"Announced on March 22, 2024"
195,KMT Logistics Private Limited - Tech,Jaipur,Online,"A7, A3",Management,IT/Web Dev,1,"Announced on March 22, 2024"
275,Paryatan School of Innovative Education - Tech,"Hisar, Haryana",Online,"A7, A3, A1, A4",Others,IT/Website Development,1,"Announced on March 22, 2024"
205,Lifespark Technologies Private Limited,Mumbai,Onsite,"A7, A3, A8",Healthcare,IT/Software Development/Embedded Hardware/Product Design,3,"Announced on March 22, 2024"
334,TensorGo Software Pvt. Ltd,Hyderabad,Onsite,"A7, A3, A8",IT,IT/Product Development,1,"Announced on March 22, 2024"
73,Commercial Consultancy Services (Flexsim),Bengaluru,Online,"A7, A3, A8, AA",Mechanical,Mechanical/Model building/Model Analysis Simulation,1,"Announced on March 22, 2024"
189,Jio Platforms Ltd.,Hyderabad,Online,"A7, A3, A8, AA",Electronics,IT/Python,5,"Announced on March 22, 2024"
225,MobileMSK LLC,Saint Cloud MN,Online,"A7, A3, A8, AA",IT,IT/Conversational AI/Data Engineering/Dev Ops,3,"Announced on March 22, 2024"
63,Cilans System,Ahmedabad,Onsite,"A7, A3, A8, AA",IT,IT/Generative AI/ML/Deep Learning/IoT/Data Analytics/Statistics,4,"Announced on March 22, 2024"
152,Imagine Marketing Ltd - Customer Experience,Mumbai,Onsite,"A7, A3, A8, AA",Electronics,Electronics/Customer Experience/Development of warranty portal,2,"Announced on March 22, 2024"
246,"National Load Despatch Centre, Grid Controller of India Limited",New Delhi,Onsite,"A7, A3, A8, AA",IT,IT/Data Science/Data Analytics/AIML,3,"Announced on March 22, 2024"
251,NHPC Limited - IT,Faridabad,Onsite,"A7, A3, A8, AA",Mechanical,IT,1,"Announced on March 22, 2024"
256,"Northern Regional Load Despatch Centre, Grid Controller of India Limited",New Delhi,Onsite,"A7, A3, A8, AA",IT,IT/Data Science/Data Analytics/AIML,3,"Announced on March 22, 2024"
296,RI Equation LLP,Pune,Onsite,"A7, A3, A8, AA",IT,IT/Web 3.0 Ecommerce/Digital Gold Buy and Sell,2,"Announced on March 22, 2024"
67,ClimeUp,Salem,Online,"A7, A3, A8, AA ",IT,IT/SaaS/WebApp Dev/Gen AI,3,"Announced on March 22, 2024"
207,Loft Of Space - Business Analyst,Jaipur,Online,"A7, A3, AA",Management,Management/Business Analyst,2,"Announced on March 22, 2024"
217,MedSupervision,Faridabad,Online,"A7, A3, AA",Healthcare,IT/Quantum computing/Android app development/Machine Learning Analytics/AI models for Healthcare,4,"Announced on March 22, 2024"
341,TOPDEV IT PVT. LTD,Mohali,Onsite,"A7, A3, AA",IT,IT/Front end/Back end/Muse,3,"Announced on March 22, 2024"
118,etalogue software private limited,Hyderabad,Online,"A7, A3, AA A8",IT,IT/Full Stack Development,4,"Announced on March 22, 2024"
187,ITCONS E-SOLUTIONS LTD,Noida,Onsite,"A7, A3, AA A8",Management,IT/Electronics/Mobile App Development/Exposure to Acquisiton and FPO process,3,"Announced on March 22, 2024"
250,Netparam Technologies Pvt. Ltd,Jaipur,Onsite,"A7, A3, AA A8",IT,IT/Web Development/Mobile App Development,5,"Announced on March 22, 2024"
354,Valvoline Cummins India Pvt. Ltd - IT,Gurugram,Onsite,"A7, A3, AA A8",Manufacturing,IT,1,"Announced on March 22, 2024"
224,Ministry of Electronics and Information Technology (MeitY),New delhi,onsite,"A7, A3, AA, A8",Electronics/IT,Electronics/Cyber Laws/Digital Forensics/Technology Incubation/AI/Content Writer/Graphic Designer/Video Editor/EMC Testing/Cloud Computing/Web 3.0/Quantum Communication/Blockchain/High Power Computing/R&D/Public Policy/NLP,6,"Announced on March 22, 2024"
221,Mind Inventory,Ahmedabad,Online,"A7, A4, AA, A3",IT,IT/Employee Mgmt System/Hotel Mgmt system/Food delivery App/Project Management/Project Task Management,5,"Announced on March 22, 2024"
201,L&T Heavy Engineering,"Hazira, Surat",Onsite,"A7, A4, AA, A3, A8, AB",Manufacturing,IT/Web Development/ML/Machine Design/Micro controllers/sensors,5,"Announced on March 22, 2024"
41,Bellurbis Technologies Pvt. Ltd,Indore,Onsite,"A7, A8",IT,IT/Data Analytics and Business Intelligence,1,"Announced on March 22, 2024"
272,PARALLELDOTS - IT,Gurugram,Onsite,"A7, A8, A3",IT,IT/AI,3,"Announced on March 22, 2024"
116,eShipz.com (LogIQ Labs Pvt. Ltd.) - IT,Bengaluru,Onsite,"A7, AA",IT,IT/Predictive Analytics/ONDC & ULIP,2,"Announced on March 22, 2024"
297,ROSYS Virtual Solutions Private Limited,Visakhapatnam,Onsite,"A7, AA, A4",IT,IT/IoT/Deep Learning/AI&ML/Data Modeling & Analysis,5,"Announced on March 22, 2024"
145,Hyphen SCS Pvt Ltd,Noida,Onsite,"A7, Any",Management,Management/Product/Data Analytics/Digital Marketing/Financial Analysis,4,"Announced on March 22, 2024"
359,Vidcentum R & D Pvt. Ltd.,Hyderabad,Online,"A7,A3,A8,AA",IT,"IT/Retrieval Augmented Generation (RAG) AI for IoT, AgriTech/Management of AI deployments/APIs",3,"Announced on March 22, 2024"
48,Bitcomm Technologies,Noida,Onsite,"AA, A3, A8, A7",IT,Electronics/Computer Science,2,"Announced on March 22, 2024"
234,National Centre for Polar and Ocean Research (NCPOR) - Data Analytics,Goa,Onsite,"AA, A7 ",Electronics,Electronics/Data Analytics & Neural Networks,1,"Announced on March 22, 2024"
235,National Centre for Polar and Ocean Research (NCPOR) - Data Communication,Goa,Onsite,"AA, A7 ",Electronics,Electronics/Data Communication,1,"Announced on March 22, 2024"
12,Agrix Agrotech Pvt. Ltd.,Patna,Online,"AA, A7, B4",IT,IT/Machine Learning/Image Processing/Data Science/GIS,3,"Announced on March 22, 2024"
7,ABC Consultants Pvt. Ltd,New Delhi,Online,Any,Management,Management/Data Analytics,1,"Announced on March 22, 2024"
22,Americana Restaurants International PLC,Gurugram/UAE,Online,Any,IT,IT/Analytics,1,"Announced on March 22, 2024"
36,Avidia Labs - Non Tech,Bengaluru,Online,Any,IT,Management/Game Creator/3D Designer/Sales & Marketing/Curriculum Designer,4,"Announced on March 22, 2024"
37,Avidia Labs - Tech,Bengaluru,Online,Any,IT,IT/AI Content Creation,1,"Announced on March 22, 2024"
51,Boston Polymers - Marketing,Gurugram,Online,Any,Manufacturing,Marketing/Digital Marketing ,1,"Announced on March 22, 2024"
61,Chaob Technologies Pvt. Ltd (Carscan),Pune,Online,Any,IT,IT/Software Development,2,"Announced on March 22, 2024"
69,Codelift Academy Private Limited - Non Tech,"Rampur, Bilaspur",Online,Any,Edtech,Management/Operations/Product Management,2,"Announced on March 22, 2024"
74,Consulting & Beyond - Forecasting,Chennai,Online,Any,Management,Management/Digital Marketing/Supply Chain/Dashboard Creation/Sales,4,"Announced on March 22, 2024"
88,Cureclaims,Gurugram,Online,Any,IT,IT/Backend Dev/ML/Full Stack Dev,3,"Announced on March 22, 2024"
101,DevTown (Codetown Edtech Pvt. Ltd),Bengaluru,Online,Any,Edtech,Management/Outreach Coordination/Marketing/Content Creation/Business Dev/Data Analysis,5,"Announced on March 22, 2024"
147,IDS Infotech Ltd,Mohali,Online,Any,IT,IT/Details awaited,1,"Announced on March 22, 2024"
173,Indovision Services Private Limited,New Delhi,Online,Any,IT,IT/PHP/MYSQL/PYTHON/JAVA,3,"Announced on March 22, 2024"
174,Industrial47,Bengaluru,Online,Any,Management,Management/Market Research/Graphic Design/Startup Scouting/Video Audio Editing/Content Writing,5,"Announced on March 22, 2024"
175,Infinite Analytics - Non Tech,Mumbai/Boston,Online,Any,IT,Management/Product Management/Marketing/Strategy (Consulting),3,"Announced on March 22, 2024"
188,Jhaveri Power Labs,Mumbai,Online,Any,Electronics,IT/Electronics/IoT/Realtime Fintech platform,2,"Announced on March 22, 2024"
222,MindPeers - Non Tech,New Delhi,Online,Any,Healthcare,Management/Product Management/Clinical Product/Digital Content/UI/UX Design,4,"Announced on March 22, 2024"
227,My Web Partner - Non Tech,"Jalalabad, Punjab",Online,Any,Others,Management/Graphic Designing/Video Editing/Digital Marketing,3,"Announced on March 22, 2024"
228,My Web Partner - Tech,"Jalalabad, Punjab",Online,Any,Others,IT/Web Dev/Customer Management System Dev,4,"Announced on March 22, 2024"
260,Optimum Steels - IT,New Delhi,Online,Any,Manufacturing,IT/AI/Saas Integration,1,"Announced on March 22, 2024"
261,Optimum Steels - Management,New Delhi,Online,Any,Manufacturing,Management/Business Development/Operations Management/Sales & CRM,2,"Announced on March 22, 2024"
262,Orchid Metal Scrap Trading LLC,Sharjah,Online,Any,Management,Management/International Trade & Banking,1,"Announced on March 22, 2024"
267,Paddleboat Private Limited - Business Development,Chennai,Online,Any,IT,Management/Business Development,1,"Announced on March 22, 2024"
268,Paddleboat Private Limited - Marketing,Chennai,Online,Any,IT,Management/Marketing,1,"Announced on March 22, 2024"
269,"Paddleboat Private Limited - Product Design, User Experience",Chennai,Online,Any,IT,Management/Product Design,1,"Announced on March 22, 2024"
270,Paddleboat Private Limited - Product Management,Chennai,Online,Any,IT,Management/Product Management,1,"Announced on March 22, 2024"
271,Paddleboat Private Limited - Software Development,Chennai,Online,Any,IT,IT/Software Development,1,"Announced on March 22, 2024"
295,Resilience Innovation Knowledge Academy (RIKA) India Pvt. Ltd ,New Delhi,Online,Any,Management,Management/Disaster Management/Climate Change Adaptation,3,"Announced on March 22, 2024"
323,Stackwalls Technologies Private Limited - Non Tech,Ahmedabad,Online,Any,IT,Management/Marketing & Sales/Project Management & Client Relations/Graphic Designing/Video Editing,4,"Announced on March 22, 2024"
324,Stackwalls Technologies Private Limited - Tech,Ahmedabad,Online,Any,IT,IT/Web Development,1,"Announced on March 22, 2024"
346,Udhyam Learning Foundation,Bengaluru,Online,Any,Others,Management/Learner Portfolio/Data Dashboards/Leaderboards,3,"Announced on March 22, 2024"
348,Unicornfinity Technologies Pvt. Ltd,Kolkata,Online,Any,Management,Management/Business Development,2,"Announced on March 22, 2024"
181,Integrity Data Services Pvt. Ltd. - Corporate Research,Ahmedabad,Online ,Any,Consulting,Management/Corporate Research,1,"Announced on March 22, 2024"
182,Integrity Data Services Pvt. Ltd. - Digital Marketing,Ahmedabad,Online ,Any,Consulting,Management/Digital Marketing ,1,"Announced on March 22, 2024"
183,Integrity Data Services Pvt. Ltd. - HR Management,Ahmedabad,Online ,Any,Consulting,Management/HR Management,1,"Announced on March 22, 2024"
190,JSW Steel,Vijaynagar,Online ,Any,Steel,Mechanical,1,"Announced on March 22, 2024"
216,MASTH (UltraHive Healthcare Pvt Ltd),Hyderabad,Online ,Any,Healthcare,IT/Mobile/Web App Development,1,"Announced on March 22, 2024"
8,AdaptNXT Technology Solutions Pvt. Ltd - Non Tech,Bengaluru,Onsite,Any,IT,Management/Digital Marketing/Business Development,2,"Announced on March 22, 2024"
9,AdaptNXT Technology Solutions Pvt. Ltd - Tech,Bengaluru,Onsite,Any,IT,IT/AI&ML/Web Dev/Mobile App Dev,3,"Announced on March 22, 2024"
11,Agile Connects,Nagpur,Onsite,Any,IT,IT/IT & Infrastructure,2,"Announced on March 22, 2024"
16,Akshara Livelihoods Pvt. Ltd.,Hyderabad,Onsite,Any,Management,Management/Social Media,2,"Announced on March 22, 2024"
23,Amritatva Food Pvt. Ltd,Jaipur,Onsite,Any,Management,Management/Website optimization/Market Reasearch/Content Creation/Social Media Marketing/Customer Satisfaction Survey & Analysis,4,"Announced on March 22, 2024"
27,Areete Business Solutions - Data Science,Pune,Onsite,Any,IT,IT/Pattern Recognition/NLP/Gen AI/Computer Vision,4,"Announced on March 22, 2024"
30,Aryabhatta Research Institute of observational sciencES (ARIES),Nainital,Onsite,Any,Others,Electronics/Physics/Astronomy and Astrophysics,1,"Announced on March 22, 2024"
31,Asanify Technologies - Non Tech,Kolkata,Onsite,Any,IT,Management/Growth Marketing/Digital Marketing/Analytics,3,"Announced on March 22, 2024"
35,Assam Electricity Regulatory Commission,Guwahati,Onsite,Any,Electronics,Management/Details awaited (Tariff Policy/Tariff Optimization/Data Analytics),1,"Announced on March 22, 2024"
38,B K Lohia and Associates,"Kotkapura, Faridkot, Punjab",Onsite,Any,Management,Management/Finance,3,"Announced on March 22, 2024"
43,Bharat Petroleum Corporation Limited,Jaipur,Onsite,Any,Mechanical,Management/Marketing/Strategy,4,"Announced on March 22, 2024"
45,Bid alert - Mgmt,Guntur,Onsite,Any,Others,Management/Tender Training & Applying/Business Development,3,"Announced on March 22, 2024"
49,Bonanza Portfolio Ltd.,Mumbai,Onsite,Any,Management,Management/Marketing & Finance,1,"Announced on March 22, 2024"
85,CSIR-Central Scientific Instruments Organization,Chandigarh,Onsite,Any,Electronics,Electronics,1,"Announced on March 22, 2024"
90,Cusmat Technologies Private Limited - Inside Sales,Bengaluru,Onsite,Any,IT,Management/Marketing/Inside Sales,1,"Announced on March 22, 2024"
104,DigiWok Media,Visakhapatnam,Onsite,Any,Digital Marketing,Management/Content Strategy/Linkedin Branding/Social Media Management/SEO/Business Development,5,"Announced on March 22, 2024"
114,Edhaa Innovations Private Limited - Management,Mumbai,Onsite,Any,Healthcare,Management/Marketing and Business Development/Project Management/Social media and Digital Platform Operation,3,"Announced on March 22, 2024"
115,EntrePi,Gurugram,Onsite,Any,Edtech,Management/Research & Content Writing/Product Dev/Marketing,3,"Announced on March 22, 2024"
117,eShipz.com (LogIQ Labs Pvt. Ltd.) - Product Management,Bengaluru,Onsite,Any,IT,Management/Product Management,1,"Announced on March 22, 2024"
119,Fibre Glass Insulation,Bhopal,Onsite,Any,Manufacturing,Management/Supply Chain Management/Market Expansion/Market Research,2,"Announced on March 22, 2024"
123,Future Generali India Life Insurance,Mumbai,Onsite,Any,Management,Management/Details awaited,1,"Announced on March 22, 2024"
127,GMR Varalakshmi Foundation,Hyderabad,Onsite,Any,Others,Management/Details awaited,5,"Announced on March 22, 2024"
134,Himachal Pradesh Electricity Regulatory Commission,Shimla,Onsite,Any,Electronics,Management/Details awaited (Tariff Policy/Tariff Optimization/Data Analytics),1,"Announced on March 22, 2024"
139,Homified,New delhi,Onsite,Any,Management,Management/Supply Chain/Operations/Customer Success,3,"Announced on March 22, 2024"
144,Hyderabad Eye Institute (DBA - L V Prasad Eye Institute),Hyderabad,Onsite,Any,Healthcare,Healthcare related management,4,"Announced on March 22, 2024"
156,Indian Red Cross Society,Mumbai,Onsite,Any,Others,Management/Societal projects/outreach awareness,2,"Announced on March 22, 2024"
157,Indian Red Cross Society,Lucknow,Onsite,Any,Others,Management/Societal projects/outreach awareness,1,"Announced on March 22, 2024"
158,Indian Red Cross Society,Chandigarh,Onsite,Any,Others,IT/Healthcare software/Web Development,2,"Announced on March 22, 2024"
159,Indian Red Cross Society,Ananthapuramu,Onsite,Any,Others,Management/Advocate For Blood Donation Camps and Fundraising/Awareness Programs/Creation of database of Blood Donors,5,"Announced on March 22, 2024"
160,Indian Red Cross Society,Bhubaneswar,Onsite,Any,Others,Healthcare,1,"Announced on March 22, 2024"
161,Indian Red Cross Society,Chennai,Onsite,Any,Others,Healthcare/Day Care/Blood Bank/Physiotheraphy/Nurse Aid,4,"Announced on March 22, 2024"
162,Indian Red Cross Society,Jaipur,Onsite,Any,Others,Healthcar/First Aid training/Management,3,"Announced on March 22, 2024"
164,Indian Red Cross Society - Non Tech,Guwahati,onsite,Any,Others,Management/Project Management/Warehouse Management,2,"Announced on March 22, 2024"
166,Indian Red Cross Society - Non Tech,Kolkata,Onsite,Any,Others,Management/Finance/CSR/HR/Project Cycle Management,4,"Announced on March 22, 2024"
167,Indian Red Cross Society - Tech,Guwahati,onsite,Any,Others,IT/Web Dev/App Dev,2,"Announced on March 22, 2024"
168,Indian Red Cross Society - Tech,Bengaluru,Onsite,Any,Others,IT/Website Development,2,"Announced on March 22, 2024"
169,Indian Red Cross Society - Tech,Kolkata,Onsite,Any,Others,IT,1,"Announced on March 22, 2024"
178,Infocost Solution Pvt. Ltd,Mumbai,Onsite,Any,Management,Management/Marketing and Sales/SEO/Business Development/Google Analytics/Digital Marketing,5,"Announced on March 22, 2024"
185,Intelenergi Global Private Limited - Management,Gurugram,Onsite,Any,Electronics,Management/Marketing/After-Sales,1,"Announced on March 22, 2024"
192,Kale Logistics Solutions Private Limited - Sales,Mumbai,Onsite,Any,IT,Management/Sales  ,1,"Announced on March 22, 2024"
196,Knowledge Excel Pvt. Ltd - Non Tech,New delhi,Onsite,Any,IT,Management/Analysis,1,"Announced on March 22, 2024"
197,Knowledge Excel Pvt. Ltd - Tech,New delhi,Onsite,Any,IT,IT/Deveopment,1,"Announced on March 22, 2024"
198,Kotak Education Foundation,Mumbai,Onsite,Any,Others,Management/Dashboard Creation/Social Media/Secondary Research,5,"Announced on March 22, 2024"
202,Lakshyam,New Delhi,Onsite,Any,Others,Management/Butterfly/Tuk Tuk Gilhari/Rooh,3,"Announced on March 22, 2024"
204,Lenest,Mumbai,Onsite,Any,Healthcare,IT/Management/Economics/Social Sciences,5,"Announced on March 22, 2024"
210,Maadhyam Charitable Trust,Jaipur,Onsite,Any,Others,Management/Social Impact,4,"Announced on March 22, 2024"
214,MasterSoft ERP solutions - Non Tech,Nagpur,Onsite,Any,IT,Management/Data Analyst,1,"Announced on March 22, 2024"
230,Myoworks Private Limited - Non tech,Mumbai,Onsite,Any,Healthcare,Management/Marketing and Sales,1,"Announced on March 22, 2024"
247,Nawgati - IT,Noida,Onsite,Any,IT,IT/SDE,2,"Announced on March 22, 2024"
248,Nawgati - Management,Noida,Onsite,Any,IT,Management/Product Analyst/Technical Content Writer,1,"Announced on March 22, 2024"
249,Netcom Computers,Indore,Onsite,Any,Management,Management/Marketing and Sales,3,"Announced on March 22, 2024"
258,OnFinance AI - Non IT,Bengaluru,Onsite,Any,IT,Management/Growth/Sales and Marketing,1,"Announced on March 22, 2024"
264,P2P Microfinance & Allied Services,Lucknow,Onsite,Any,Finance,Management/Excel/Coding,1,"Announced on March 22, 2024"
266,Pacify Medical Technology Pvt Ltd - Non Tech,Mumbai,Onsite,Any,IT,Management/SEO/Graphic Design/Content Development,3,"Announced on March 22, 2024"
273,PARALLELDOTS - Non IT,Gurugram,Onsite,Any,IT,Management/Marketing,2,"Announced on March 22, 2024"
282,Pockvue Solutions Pvt. Ltd - Non Tech,Bengaluru,Onsite,Any,Management,Management/Sales and Analysis,1,"Announced on March 22, 2024"
287,Pyrotech Electronics Pvt. Ltd.,Udaipur,Onsite,Any,Manufacturing,Manufacturing/Details awaited,3,"Announced on March 22, 2024"
300,Rural Electricity Corporation,Gurugram,Onsite,Any,Electronics,Mechanical/Overview of Power Sector/Renewable Energy/Financing of Power Sector/Quality Management/HR/Finance&Acc/CSR/Taxation/RDSS,1,"Announced on March 22, 2024"
301,Rural Electricity Corporation,Mumbai,Onsite,Any,Electronics,Mechanical/Overview of Power Sector/Renewable Energy/Financing of Power Sector/Quality Management/HR/Finance&Acc/CSR/Taxation/RDSS,1,"Announced on March 22, 2024"
302,Rural Electricity Corporation,Bengaluru,Onsite,Any,Electronics,Mechanical/Overview of Power Sector/Renewable Energy/Financing of Power Sector/Quality Management/HR/Finance&Acc/CSR/Taxation/RDSS,1,"Announced on March 22, 2024"
303,S M SHERKAR & CO. CHARTERED ACCOUNTANTS,Aurangabad,Onsite,Any,Management,Management/Statutory Audit/Income Tax Audit/Accounting,3,"Announced on March 22, 2024"
304,SaaSDen - Growth,Bangalore,Onsite,Any,Management,Management/Growth,1,"Announced on March 22, 2024"
305,SaaSDen- Founder's office,Bangalore,Onsite,Any,Management,Management/Founder's Office,1,"Announced on March 22, 2024"
306,SaaSDen- Product Research,Bangalore,Onsite,Any,Management,Management/Product Research,1,"Announced on March 22, 2024"
310,Semi-conductor laboratory,Mohali,Onsite,Any,Electronics,Electronics/design development,1,"Announced on March 22, 2024"
314,Silver Touch Technologies Ltd.,Ahmedabad,Onsite,Any,IT,IT/AIML/Automation/Data Analytics,1,"Announced on March 22, 2024"
315,Skill peritia (Catalyst Edutech Pvt. Ltd.) - Non Tech,Mumbai,Onsite,Any,Edtech,Management/Content Creation for PCM students,1,"Announced on March 22, 2024"
320,Solutionec Pvt. Ltd,Bengaluru,Onsite,Any,IT,IT/Data Engineering/BI Visualization/App Dev,4,"Announced on March 22, 2024"
321,Sree Mahasar Packing Industries - Non Tech,Hyderabad,Onsite,Any,Manufacturing,Management/Digital Marketing,1,"Announced on March 22, 2024"
322,Sree Mahasar Packing Industries - Tech,Hyderabad,Onsite,Any,Manufacturing,IT/Web Development/App Development,2,"Announced on March 22, 2024"
325,Staffingine Technologies Private Limited,"Zirakpur, Punjab",Onsite,Any,Management,Management/HR/Recruitment,3,"Announced on March 22, 2024"
326,Starflex Sealing India Pvt. Ltd.,Goa,Onsite,Any,Mechanical,Mechanical,1,"Announced on March 22, 2024"
327,Stocklite Gemms Private Limited,Bengaluru,Onsite,Any,Management,Management/Business Development,1,"Announced on March 22, 2024"
329,Suzlon Foundation,Pune,Onsite,Any,Others,Management/Documentation and Analysis and Campaign,1,"Announced on March 22, 2024"
335,The Teaser Company,New delhi,Onsite,Any,Management,Management/Creative Strategy/Growth Analyst/Video Editing/D2C Dynamo,4,"Announced on March 22, 2024"
336,T-Hub Foundation,Hyderabad,Onsite,Any,Management,Management,5,"Announced on March 22, 2024"
338,Tilicho Fintech Private Limited - Non Tech,Visakhapatnam,Onsite,Any,IT,Management/Project Management,1,"Announced on March 22, 2024"
339,Tilicho Fintech Private Limited - Tech,Visakhapatnam,Onsite,Any,IT,IT/Software Development,1,"Announced on March 22, 2024"
349,Union Chemicar India Pvt. Ltd - Business Development,Nagpur,Onsite,Any,Manufacturing,Management/Business Development,1,"Announced on March 22, 2024"
356,Valvoline Cummins India Pvt. Ltd - Sales,Gurugram,Onsite,Any,Manufacturing,Management/Marketing/Sales,1,"Announced on March 22, 2024"
363,WALR Brothers LLP - Non Tech,Indore,Onsite,Any,Management,Management/Social Media Marketing/Graphic Designing/Copywriting,3,"Announced on March 22, 2024"
364,WALR Brothers LLP - Tech,Indore,Onsite,Any,Management,IT/Web Developer,1,"Announced on March 22, 2024"
365,Yashoda Hospitals,Hyderabad,Onsite,Any,Healthcare,IT/Electronics/Mechanical/Pharmacy,6,"Announced on March 22, 2024"
46,Birla Science Centre,Pilani,Onsite  ,Any,Others,Electronics,4,"Announced on March 22, 2024"
131,GPLAN Services Private Limited - Non IT,Pilani,Online,"Any, B3",IT,"Management/Strategic Business Development for Product Management, Marketing and Branding",1,"Announced on March 22, 2024"
146,Hytech Professionals India,Noida,Onsite,"B1, B5, A7, A3",IT,IT/AI/ML/Data Science,1,"Announced on March 22, 2024"
358,Vendorskart Online Services Pvt. Ltd,New delhi,Online,"B3, Any",Management,Management/Marketing/Finance,2,"Announced on March 22, 2024"
252,NHPC Limited - Management,Faridabad,Onsite,"B3, Any",Mechanical,Management/Finance,1,"Announced on March 22, 2024"
130,GPLAN Services Private Limited - IT,Pilani,Online,"B4, A7",IT,IT/Software Development/Graph Algorithmic Optimization,2,"Announced on March 22, 2024"
133,Harish-Chandra Research Institute,"Prayagraj, Allahabad",Onsite,"B4, B5, A7",IT,IT/Theoretical/Computational physics and mathematics,1,"Announced on March 22, 2024"
239,National Centre for Polar and Ocean Research (NCPOR) - Polar Science Data,Goa,Onsite,"B4, B5, A7",Electronics,Electronics/GIS/MATLAB/AIML,1,"Announced on March 22, 2024"
240,National Centre for Polar and Ocean Research (NCPOR) - Precipitation Patterns,Goa,Onsite,"B4, B5, A7, D2",Electronics,Electronics/Precipitation Patterns,1,"Announced on March 22, 2024"
42,Bhabha Atomic Research Centre (BARC),Visakhapatnam,Onsite,"B5, A3, AA, A8, A7, A4 ",Mechanical,Mechanical/Physics/Electronics/IT,12,"Announced on March 22, 2024"
109,DRDO - Solid State Physics Laboratory (SSPL),New delhi,Onsite,"B5, A3, AA, A8, B2, A1, A7, ",Electronics/Physics,Electronics/Physics ,5,"Announced on March 22, 2024"
238,National Centre for Polar and Ocean Research (NCPOR) - Ocean front detection and variablity,Goa,Onsite,"B5, A7",Electronics,IT/Python/ML,1,"Announced on March 22, 2024"
